{
  "items_total": 57150,
  "products": {
    "manufacturers": 51727,
    "websites": 17973,
    "policies": 11185,
    "percentile_manufacturers": 0.9051093613298338,
    "percentile_websites": 0.314488188976378,
    "percentile_policies": 0.1957130358705162
  },
  "unique": {
    "manufacturers": 6161,
    "websites": 1419,
    "policies": 798,
    "percentile_manufacturers": 0.11910607613045411,
    "percentile_websites": 0.2303197532868041,
    "percentile_policies": 0.12952442785262133
  }
}